{
  "field" :
    [
      "j012016p2134"
    ],
  "filters" :
    [
      ["f702w", "f140w", "f160w", "ir", "seg"]
    ],
  "initialxySize" :
    [
      [3898, 3891]
    ],
  "finalxySize" :
    [
      [3900, 3900]
    ],
  "xyStartingPixel" :
    [
      [1, 5]
    ],
  "raRange" :
    [
      [20.03665, 20.10650]
    ],
  "decRange" :
    [
      [21.52936, 21.59421]
    ],
  "maxID" :
    [
      1088
    ]
}
