{"root": "j012016p2134", "corners": [[20.117804661289643, 21.519361812850512], [20.11783111797235, 21.60350065997978], [20.026588384030948, 21.60350065183639], [20.026614858045225, 21.51936180474205]], "jpg_shape": [3030, 3055, 3], "orig_shape": [3030, 3055], "catalog_filters": ["f140w", "f160w"], "rgb_filters": ["f160w", "sum", "f140w"], "has_grism": true}